dep_tdb,tof_days,c3,vinf_in_x,vinf_in_y,vinf_in_z,vinf_out_x,vinf_out_y,vinf_out_z,arr_tdb,dep_idx,tof_idx
2026-01-01T00:01:09.184,180.0,356.94134707952537,8.654165139651955,-4.572629901884882,-2.8183630264163995,9.757891754569812,-14.924351661768235,-6.244087047879745,2026-06-30T00:01:09.184,0,0
2026-01-01T00:01:09.184,190.0,350.13687623884675,7.717313943765584,-4.91391298637128,-2.9689958314323546,9.859749932035108,-14.642719580848183,-6.205881951280226,2026-07-10T00:01:09.184,0,1
2026-01-01T00:01:09.184,200.0,354.128784492729,7.036412277665013,-5.463776285938884,-3.227324458235323,10.101750154648734,-14.58539081388145,-6.272942141621096,2026-07-20T00:01:09.184,0,2
2026-01-01T00:01:09.184,210.0,369.7604209033858,6.63644231373566,-6.198699359882751,-3.5837656845968855,10.515532750413524,-14.751891012265052,-6.447146922524723,2026-07-30T00:01:09.183,0,3
2026-01-01T00:01:09.184,220.0,398.92930856432747,6.553061975768088,-7.096013428732209,-4.0294655754572375,11.146134295328427,-15.145032016936081,-6.73208764357773,2026-08-09T00:01:09.183,0,4
2026-01-01T00:01:09.184,230.0,444.8064313675103,6.8362808208601,-8.129089274003059,-4.554075922701874,12.056032865981443,-15.767132289576711,-7.131342248474198,2026-08-19T00:01:09.183,0,5
2026-01-01T00:01:09.184,240.0,512.1096395029246,7.553742884466869,-9.25917731522448,-5.141866461847067,13.329100151886443,-16.613122672549455,-7.645186963752332,2026-08-29T00:01:09.183,0,6
2026-01-01T00:01:09.184,250.0,607.28554531696,8.790806998277791,-10.422137824434177,-5.765207944049116,15.071757292308753,-17.65850809028468,-8.264669954937606,2026-09-08T00:01:09.183,0,7
2026-01-01T00:01:09.184,260.0,738.2359522125032,10.64120322473487,-11.50949569203647,-6.374943476306881,17.405109438394256,-18.840830119382733,-8.962211672493726,2026-09-18T00:01:09.182,0,8
2026-01-01T00:01:09.184,270.0,912.9104190965991,13.178081011781776,-12.348515303483001,-6.889636403086543,20.437522130427773,-20.037834533963586,-9.680046252697887,2026-09-28T00:01:09.182,0,9
2026-01-01T00:01:09.184,280.0,1136.033252311736,16.397285556244242,-12.698201020078617,-7.191764397365117,24.20857180773922,-21.057102919507752,-10.323600146195508,2026-10-08T00:01:09.182,0,10
2026-01-01T00:01:09.184,290.0,1404.3645348972882,20.14686371485641,-12.290251058060985,-7.145601317555683,28.61678094604919,-21.664874277461134,-10.773931767229973,2026-10-18T00:01:09.182,0,11
2026-01-01T00:01:09.184,300.0,1703.5852987833678,24.09870461706092,-10.927207281480216,-6.6445428891937866,33.385714211273104,-21.669172697698468,-10.928235904476265,2026-10-28T00:01:09.182,0,12
2026-01-01T00:01:09.184,310.0,1853.7324561095838,26.042182899182936,-12.092503415417426,-5.936313337740695,23.230202355067256,33.06537846502717,14.858361336861106,2026-11-07T00:01:09.183,0,13
2026-01-01T00:01:09.184,320.0,1776.7292823118441,26.06200298483809,-10.41580519208227,-5.171612409630726,21.738132501718788,32.929863447068776,14.825888540217932,2026-11-17T00:01:09.183,0,14
2026-01-01T00:01:09.184,330.0,1702.2767105230612,25.98151946723823,-8.788032857954416,-4.4259491641370925,20.303131381735955,32.741308037891656,14.767068584757132,2026-11-27T00:01:09.183,0,15
2026-01-01T00:01:09.184,340.0,1630.3080435223565,25.807127052839245,-7.212202464401745,-3.70090415683807,18.923844078861553,32.504892091776625,14.684282716675352,2026-12-07T00:01:09.183,0,16
2026-01-01T00:01:09.184,350.0,1560.75660923874,25.545095080216555,-5.690715474121562,-2.997764332420913,17.598819529910195,32.2253134119006,14.579689156397361,2026-12-17T00:01:09.183,0,17
2026-01-01T00:01:09.184,360.0,1493.5555368424232,25.20149420216196,-4.22543779468268,-2.317558246953533,16.326534698478792,31.906830031658547,14.455241226373346,2026-12-27T00:01:09.184,0,18
2026-01-01T00:01:09.184,370.0,1428.6377276236685,24.78214211896847,-2.8177731645911575,-1.661088145666306,15.105415905460196,31.55329858979235,14.312703659691502,2027-01-06T00:01:09.184,0,19
2026-01-01T00:01:09.184,380.0,1365.9359488928003,24.292567296114413,-1.4687330319653942,-1.028961189641116,13.933857460383742,31.168209260793557,14.153667250641844,2027-01-16T00:01:09.184,0,20
2026-01-01T00:01:09.184,390.0,1305.3830002707368,23.737987266702454,-0.17900135550286755,-0.42161828837692195,12.81023775442263,30.75471761880705,13.979561979308974,2027-01-26T00:01:09.185,0,21
2026-01-01T00:01:09.184,400.0,1246.9119189183843,23.123295326289025,1.051003080299628,0.1606386834549145,11.732933040444017,30.315673762740396,13.791668698817233,2027-02-05T00:01:09.185,0,22
2026-01-01T00:01:09.184,410.0,1190.4562155743715,22.45305928960483,2.221061555959693,0.7176170090701017,10.700329353679678,29.853649119978886,13.591129515913554,2027-02-15T00:01:09.185,0,23
2026-01-01T00:01:09.184,420.0,1135.9501096854924,21.731542182320926,3.3311068333803746,1.2492104401399304,9.71083246847548,29.370961066133496,13.378956928937516,2027-02-25T00:01:09.185,0,24
2026-01-02T00:01:09.184,180.0,356.77936700257254,8.722085266295217,-4.436631726694088,-2.763662267480342,9.999741849995196,-14.78016009997749,-6.1912355273451345,2026-07-01T00:01:09.184,1,0
2026-01-02T00:01:09.184,190.0,349.6833709681465,7.7872122654257225,-4.779600021556769,-2.9148717046174717,10.091878306912022,-14.491669789559591,-6.150517857627187,2026-07-11T00:01:09.184,1,1
2026-01-02T00:01:09.184,200.0,353.25818508447225,7.108800010500426,-5.326570428796021,-3.1716845406429313,10.32594491189942,-14.423275796363896,-6.213063822536685,2026-07-21T00:01:09.184,1,2
2026-01-02T00:01:09.184,210.0,368.2858980601107,6.710552906900453,-6.053632565296949,-3.524291501250182,10.732510709899984,-14.573623918316606,-6.380328973451365,2026-07-31T00:01:09.183,1,3
2026-01-02T00:01:09.184,220.0,396.5714459103141,6.626426150169415,-6.93777216313662,-3.963625492561626,11.355110584795028,-14.944511776593579,-6.655409625007748,2026-08-10T00:01:09.183,1,4
2026-01-02T00:01:09.184,230.0,441.14980333317607,6.904092579777071,-7.952264787236224,-4.479233951251721,12.254066465861882,-15.537261439921327,-7.041389446050345,2026-08-20T00:01:09.183,1,5
2026-01-02T00:01:09.184,240.0,506.5497809034737,7.608056608659105,-9.058942926513662,-5.055596623405966,13.51024441649713,-16.346196528520373,-7.538231607013038,2026-08-30T00:01:09.183,1,6
2026-01-02T00:01:09.184,250.0,598.9836608231276,8.819833558319248,-10.1956901552741,-5.6659859540142525,15.226272916608114,-17.347334432840984,-8.137214632001754,2026-09-09T00:01:09.183,1,7
2026-01-02T00:01:09.184,260.0,726.1326043859567,10.629504431081546,-11.258548920675628,-6.263378808159642,17.519517054378987,-18.48096419950565,-8.8120990021601,2026-09-19T00:01:09.182,1,8
2026-01-02T00:01:09.184,270.0,895.8993148975908,13.109174089823536,-12.082480693118006,-6.770100185735854,20.497008388710057,-19.63079458669489,-9.508094756875899,2026-09-29T00:01:09.182,1,9
2026-01-02T00:01:09.184,280.0,1113.4019425030785,16.260095130263352,-12.435944628101867,-7.073406740720033,24.203245314609347,-20.612817020904384,-10.134921470175968,2026-10-09T00:01:09.182,1,10
2026-01-02T00:01:09.184,290.0,1376.4248337650974,19.944464827359106,-12.056525518499116,-7.0407863064910545,28.550354992007197,-21.199706886926503,-10.577073863024136,2026-10-19T00:01:09.182,1,11
2026-01-02T00:01:09.184,300.0,1672.0297471184645,23.852249427479812,-10.742239661226673,-6.56376942951016,33.27963533463168,-21.197640941394656,-10.731059483206128,2026-10-29T00:01:09.182,1,12
2026-01-02T00:01:09.184,310.0,1863.7206530424683,26.237030145534934,-11.853352945218155,-5.8275337330116255,22.754326271940688,33.46522054033618,15.034636781086508,2026-11-08T00:01:09.183,1,13
2026-01-02T00:01:09.184,320.0,1786.6313887574008,26.238485008981055,-10.176676654781073,-5.06244514884053,21.26313175934576,33.31202563369061,14.99398428445362,2026-11-18T00:01:09.183,1,14
2026-01-02T00:01:09.184,330.0,1712.072522390837,26.140387496542978,-8.54955608407489,-4.316694095830636,19.829641633021804,33.10641939567988,14.92725125045186,2026-11-28T00:01:09.183,1,15
2026-01-02T00:01:09.184,340.0,1639.9787415042315,25.949104881290246,-6.974931197251022,-3.591826104609632,18.45243413112513,32.853548050841866,14.836805471925018,2026-12-08T00:01:09.183,1,16
2026-01-02T00:01:09.184,350.0,1570.2847637922214,25.67087366445044,-5.455137466734243,-2.8890976580482057,17.12999997756277,32.55807683863575,14.724791921463996,2026-12-18T00:01:09.184,1,17
2026-01-02T00:01:09.184,360.0,1502.9250999037158,25.31172782683757,-3.991983837124385,-2.2095106975776373,15.860765546735871,32.22423249368297,14.593151008889716,2026-12-28T00:01:09.184,1,18
2026-01-02T00:01:09.184,370.0,1437.834011651379,24.877446075040407,-2.586825917094293,-1.5538447861685007,14.6431132821243,31.85584175000461,14.443634980742107,2027-01-07T00:01:09.184,1,19
2026-01-02T00:01:09.184,380.0,1374.9455971420957,24.37351706211727,-1.2406348696053637,-0.9226880072570269,13.475399549983432,31.456366362983935,14.277822640309505,2027-01-17T00:01:09.184,1,20
2026-01-02T00:01:09.184,390.0,1314.1939486056053,23.805118178781612,0.045938110301003476,-0.3164654211738336,12.355970022262294,31.028935015846173,14.097132516826111,2027-01-27T00:01:09.185,1,21
2026-01-02T00:01:09.184,400.0,1255.5133525073038,23.17710307928649,1.2724993772005124,0.26453342401079283,11.283172857095625,30.576372467877963,13.902834584709648,2027-02-06T00:01:09.185,1,22
2026-01-02T00:01:09.184,410.0,1198.8385234133764,22.494002567155533,2.438848194248365,0.8201246293940532,10.255370108549343,30.101226374612057,13.69606067796169,2027-02-16T00:01:09.185,1,23
2026-01-02T00:01:09.184,420.0,1144.1048328767047,21.76004515770475,3.5449310023919836,1.3502089579118621,9.270947153172735,29.605791855684526,13.47781363417921,2027-02-26T00:01:09.185,1,24
2026-01-03T00:01:09.184,180.0,356.641315231009,8.787981352633658,-4.300087049737465,-2.708493284470098,10.240058360853553,-14.632838360560537,-6.136983095221158,2026-07-02T00:01:09.184,2,0
2026-01-03T00:01:09.184,190.0,349.25681483619144,7.855014814461878,-4.644821754546495,-2.8603006524259555,10.322324977563476,-14.337763827290708,-6.093845282462853,2026-07-12T00:01:09.184,2,1
2026-01-03T00:01:09.184,200.0,352.42082084530296,7.178972542281187,-5.189039191443559,-3.1156434143717453,10.548245937940575,-14.258624295585367,-6.151988432642396,2026-07-22T00:01:09.184,2,2
2026-01-03T00:01:09.184,210.0,366.856245180883,6.782305315599942,-5.9084705943774924,-3.464501076895067,10.947330297065513,-14.393227807820868,-6.312463688608956,2026-08-01T00:01:09.183,2,3
2026-01-03T00:01:09.184,220.0,394.2788198240893,6.697311303065039,-6.779788781577227,-3.8976090537532073,11.561640646186063,-14.742407450514978,-6.577895404728482,2026-08-11T00:01:09.183,2,4
2026-01-03T00:01:09.184,230.0,437.5926580491158,6.9694058691046425,-7.77619625639408,-4.404421748366012,12.449401588030433,-15.306537941462512,-6.950895941936526,2026-08-21T00:01:09.183,2,5
2026-01-03T00:01:09.184,240.0,501.1444176944609,7.660073699770866,-8.860092661560559,-4.969622890244667,13.688570086050493,-16.07936010452328,-7.431126786888354,2026-08-31T00:01:09.183,2,6
2026-01-03T00:01:09.184,250.0,590.9187164087101,8.847131082574725,-9.971285402230382,-5.56734014852068,15.378101652310956,-17.037354350721547,-8.010072578188709,2026-09-10T00:01:09.183,2,7
2026-01-03T00:01:09.184,260.0,714.3757648825297,10.617095653731136,-11.010093091763178,-6.152568084946086,17.631684229095473,-18.12336628595024,-8.662740362799632,2026-09-20T00:01:09.182,2,8
2026-01-03T00:01:09.184,270.0,879.3502487211099,13.040863296493209,-11.818805015867692,-6.651211687444624,20.55483645565203,-19.226718196561354,-9.337143802712083,2026-09-30T00:01:09.182,2,9
2026-01-03T00:01:09.184,280.0,1091.2986253620059,16.12448189054907,-12.175077183563722,-6.955174981892492,24.19636443161817,-20.171490840950973,-9.947136819595872,2026-10-10T00:01:09.182,2,10
2026-01-03T00:01:09.184,290.0,1348.9549993855878,19.74342884588778,-11.822696047759912,-6.935310994901605,28.481140168791114,-20.736930160729415,-10.380721630999057,2026-10-20T00:01:09.182,2,11
2026-01-03T00:01:09.184,300.0,1640.733616269144,23.60545690688211,-10.556149493175187,-6.481787748570482,33.16792638277565,-20.728115616844793,-10.534111196993985,2026-10-30T00:01:09.183,2,12
2026-01-03T00:01:09.184,310.0,1873.7394325698458,26.429224349153873,-11.611911390641158,-5.717730064406949,22.271342980838575,33.85904121387058,15.208288611053886,2026-11-09T00:01:09.183,2,13
2026-01-03T00:01:09.184,320.0,1796.5637471741848,26.41234308970667,-9.93542284828374,-4.952330437739026,20.78127616873409,33.688174508677335,15.159459299259057,2026-11-19T00:01:09.183,2,14
2026-01-03T00:01:09.184,330.0,1721.898219297979,26.296662450654992,-8.309107650395669,-4.206562795753062,19.349540384107357,33.46553073194416,15.084818827254052,2026-11-29T00:01:09.183,2,15
2026-01-03T00:01:09.184,340.0,1649.6789144104046,26.088521160767186,-6.735831030282009,-3.4819382963661774,17.974647842368892,33.196221731921966,14.986721191718342,2026-12-09T00:01:09.183,2,16
2026-01-03T00:01:09.184,350.0,1579.8419339112845,25.794122005452003,-5.217863578695656,-2.7796834331096916,16.65503182265464,32.884879564598194,14.867297835165537,2026-12-19T00:01:09.184,2,17
2026-01-03T00:01:09.184,360.0,1512.3231641717823,25.419461530313036,-3.7569585379037918,-2.1007740606871463,15.389068815755001,32.535699150256,14.728476022989282,2026-12-29T00:01:09.184,2,18
2026-01-03T00:01:09.184,370.0,1447.0582231386993,24.970279061792436,-2.354424447822927,-1.445967603544168,14.175098049028536,32.152476896370246,14.57199532896934,2027-01-08T00:01:09.184,2,19
2026-01-03T00:01:09.184,380.0,1383.9825357659781,24.452023006795706,-1.011193134898141,-0.8158334557567883,13.011438549257917,31.738645791977408,14.399422416758869,2027-01-18T00:01:09.184,2,20
2026-01-03T00:01:09.184,390.0,1323.0314839206178,23.86983033476271,0.2721158557482788,-0.21078133267526944,11.896403826812449,31.29730734817699,14.212164249816652,2027-01-28T00:01:09.185,2,21
2026-01-03T00:01:09.184,400.0,1264.1406015196776,23.228515020061156,1.4951330615246583,0.368911035190826,10.828314461497584,30.831260761574786,14.011479839559378,2027-02-07T00:01:09.185,2,22
2026-01-03T00:01:09.184,410.0,1207.245806044315,22.53257093773329,2.657674945242187,0.9230682348933383,9.805508999837436,30.34302974225012,13.798490691352686,2027-02-17T00:01:09.185,2,23
2026-01-03T00:01:09.184,420.0,1152.2836207340204,21.78619201088696,3.7597008424004414,1.4515976657353704,8.82635285076001,29.834887017490818,13.574189947892245,2027-02-27T00:01:09.185,2,24
